<?xml version="1.0" encoding="UTF-8"?>
<project version="4">
  <component name="AutoImportSettings">
    <option name="autoReloadType" value="SELECTIVE" />
  </component>
  <component name="ChangeListManager">
    <list default="true" id="4b26024a-1b44-4010-a802-50e5a01f9d2b" name="Changes" comment="kati">
      <change afterPath="$PROJECT_DIR$/.idea/.gitignore" afterDir="false" />
      <change afterPath="$PROJECT_DIR$/.idea/misc.xml" afterDir="false" />
      <change afterPath="$PROJECT_DIR$/.idea/modules.xml" afterDir="false" />
      <change afterPath="$PROJECT_DIR$/.idea/vcs.xml" afterDir="false" />
      <change afterPath="$PROJECT_DIR$/OnceUponATime-experimental2.0.iml" afterDir="false" />
      <change afterPath="$PROJECT_DIR$/OnceUponATime-experimental2.0/.gitignore" afterDir="false" />
      <change afterPath="$PROJECT_DIR$/OnceUponATime-experimental2.0/.idea/.gitignore" afterDir="false" />
      <change afterPath="$PROJECT_DIR$/OnceUponATime-experimental2.0/.idea/misc.xml" afterDir="false" />
      <change afterPath="$PROJECT_DIR$/OnceUponATime-experimental2.0/.idea/modules.xml" afterDir="false" />
      <change afterPath="$PROJECT_DIR$/OnceUponATime-experimental2.0/.idea/uiDesigner.xml" afterDir="false" />
      <change afterPath="$PROJECT_DIR$/OnceUponATime-experimental2.0/.idea/vcs.xml" afterDir="false" />
      <change afterPath="$PROJECT_DIR$/OnceUponATime-experimental2.0/all.xml" afterDir="false" />
      <change afterPath="$PROJECT_DIR$/OnceUponATime-experimental2.0/game.iml" afterDir="false" />
      <change afterPath="$PROJECT_DIR$/OnceUponATime-experimental2.0/src/Main.java" afterDir="false" />
      <change afterPath="$PROJECT_DIR$/OnceUponATime-experimental2.0/src/controller/GameController.java" afterDir="false" />
      <change afterPath="$PROJECT_DIR$/OnceUponATime-experimental2.0/src/loader/XMLLoader.java" afterDir="false" />
      <change afterPath="$PROJECT_DIR$/OnceUponATime-experimental2.0/src/model/Choice.java" afterDir="false" />
      <change afterPath="$PROJECT_DIR$/OnceUponATime-experimental2.0/src/model/Dialogue.java" afterDir="false" />
      <change afterPath="$PROJECT_DIR$/OnceUponATime-experimental2.0/src/model/Effect.java" afterDir="false" />
      <change afterPath="$PROJECT_DIR$/OnceUponATime-experimental2.0/src/model/Scenario.java" afterDir="false" />
      <change afterPath="$PROJECT_DIR$/OnceUponATime-experimental2.0/src/model/sth" afterDir="false" />
      <change afterPath="$PROJECT_DIR$/OnceUponATime-experimental2.0/src/view/GameView.java" afterDir="false" />
      <change afterPath="$PROJECT_DIR$/OnceUponATime-experimental2.0/test.xml" afterDir="false" />
      <change afterPath="$PROJECT_DIR$/OnceUponATime-experimental2.0/test2.xml" afterDir="false" />
      <change afterPath="$PROJECT_DIR$/out/production/OnceUponATime-experimental2.0/Main.class" afterDir="false" />
      <change afterPath="$PROJECT_DIR$/out/production/OnceUponATime-experimental2.0/controller/GameController.class" afterDir="false" />
      <change afterPath="$PROJECT_DIR$/out/production/OnceUponATime-experimental2.0/loader/XMLLoader.class" afterDir="false" />
      <change afterPath="$PROJECT_DIR$/out/production/OnceUponATime-experimental2.0/model/Choice.class" afterDir="false" />
      <change afterPath="$PROJECT_DIR$/out/production/OnceUponATime-experimental2.0/model/Dialogue.class" afterDir="false" />
      <change afterPath="$PROJECT_DIR$/out/production/OnceUponATime-experimental2.0/model/Effect.class" afterDir="false" />
      <change afterPath="$PROJECT_DIR$/out/production/OnceUponATime-experimental2.0/model/Scenario.class" afterDir="false" />
      <change afterPath="$PROJECT_DIR$/out/production/OnceUponATime-experimental2.0/model/sth" afterDir="false" />
      <change afterPath="$PROJECT_DIR$/out/production/OnceUponATime-experimental2.0/view/GameView.class" afterDir="false" />
    </list>
    <option name="SHOW_DIALOG" value="false" />
    <option name="HIGHLIGHT_CONFLICTS" value="true" />
    <option name="HIGHLIGHT_NON_ACTIVE_CHANGELIST" value="false" />
    <option name="LAST_RESOLUTION" value="IGNORE" />
  </component>
  <component name="CodeInsightWorkspaceSettings">
    <option name="optimizeImportsOnTheFly" value="true" />
  </component>
  <component name="Git.Settings">
    <option name="RECENT_GIT_ROOT_PATH" value="$PROJECT_DIR$" />
  </component>
  <component name="GitHubPullRequestSearchHistory">{
  &quot;lastFilter&quot;: {
    &quot;state&quot;: &quot;OPEN&quot;,
    &quot;assignee&quot;: &quot;ZafeiroBarda&quot;
  }
}</component>
  <component name="GithubPullRequestsUISettings">{
  &quot;selectedUrlAndAccountId&quot;: {
    &quot;url&quot;: &quot;https://github.com/ntaflosc/OnceUponATime&quot;,
    &quot;accountId&quot;: &quot;01d9e667-9439-404a-aedf-6d24cb8bca44&quot;
  }
}</component>
  <component name="ProjectColorInfo">{
  &quot;associatedIndex&quot;: 1
}</component>
  <component name="ProjectId" id="2h9RtkUtjRvnOwiORf5YoZomG4x" />
  <component name="ProjectLevelVcsManager" settingsEditedManually="true" />
  <component name="ProjectViewState">
    <option name="hideEmptyMiddlePackages" value="true" />
    <option name="showLibraryContents" value="true" />
  </component>
  <component name="PropertiesComponent"><![CDATA[{
  "keyToString": {
    "Application.GameController.executor": "Run",
    "Application.Main.executor": "Run",
    "RunOnceActivity.OpenProjectViewOnStart": "true",
    "RunOnceActivity.ShowReadmeOnStart": "true",
    "git-widget-placeholder": "master",
    "ignore.virus.scanning.warn.message": "true",
    "kotlin-language-version-configured": "true",
    "last_opened_file_path": "C:/Users/zafeiro/Desktop/OnceUponATime-experimental2.0",
    "node.js.detected.package.eslint": "true",
    "node.js.detected.package.tslint": "true",
    "node.js.selected.package.eslint": "(autodetect)",
    "node.js.selected.package.tslint": "(autodetect)",
    "nodejs_package_manager_path": "npm",
    "project.structure.last.edited": "Project",
    "project.structure.proportion": "0.15",
    "project.structure.side.proportion": "0.0",
    "settings.editor.selected.configurable": "configurable.group.build",
    "vue.rearranger.settings.migration": "true"
  }
}]]></component>
  <component name="RunManager">
    <configuration name="Main" type="Application" factoryName="Application" nameIsGenerated="true">
      <option name="MAIN_CLASS_NAME" value="Main" />
      <module name="OnceUponATime-experimental2.0" />
      <method v="2">
        <option name="Make" enabled="true" />
      </method>
    </configuration>
  </component>
  <component name="SpellCheckerSettings" RuntimeDictionaries="0" Folders="0" CustomDictionaries="0" DefaultDictionary="application-level" UseSingleDictionary="true" transferred="true" />
  <component name="SvnConfiguration">
    <configuration>C:\Users\Admin\AppData\Roaming\Subversion</configuration>
  </component>
  <component name="TaskManager">
    <task active="true" id="Default" summary="Default task">
      <changelist id="4b26024a-1b44-4010-a802-50e5a01f9d2b" name="Changes" comment="" />
      <created>1717004523636</created>
      <option name="number" value="Default" />
      <option name="presentableId" value="Default" />
      <updated>1717004523636</updated>
      <workItem from="1717004524694" duration="8855000" />
      <workItem from="1717013662733" duration="702000" />
    </task>
    <servers />
  </component>
  <component name="TypeScriptGeneratedFilesManager">
    <option name="version" value="3" />
  </component>
  <component name="Vcs.Log.Tabs.Properties">
    <option name="TAB_STATES">
      <map>
        <entry key="MAIN">
          <value>
            <State>
              <option name="FILTERS">
                <map>
                  <entry key="branch">
                    <value>
                      <list>
                        <option value="master" />
                      </list>
                    </value>
                  </entry>
                </map>
              </option>
            </State>
          </value>
        </entry>
      </map>
    </option>
  </component>
  <component name="VcsManagerConfiguration">
    <MESSAGE value="kati" />
    <option name="LAST_COMMIT_MESSAGE" value="kati" />
  </component>
</project>